,date,positive,negative,pending,hospitalizedCurrently,hospitalizedCumulative,inIcuCurrently,inIcuCumulative,onVentilatorCurrently,onVentilatorCumulative,recovered,death,hospitalized,totalTestsViral,positiveTestsViral,negativeTestsViral,positiveCasesViral,deathConfirmed,deathProbable,fips,positiveIncrease,negativeIncrease,total,totalTestResults,totalTestResultsIncrease,posNeg,deathIncrease,hospitalizedIncrease,commercialScore,negativeRegularScore,negativeScore,positiveScore,score,grade
2020-01-01,0.0,0.0,0.0,0.0,0.0,0.0,0.0,0.0,0.0,0.0,0.0,0.0,0.0,0.0,0.0,0.0,0.0,0.0,0.0,0.0,0.0,0.0,0.0,0.0,0.0,0.0,0.0,0.0,0.0,0.0,0.0,0.0,0.0,0.0
2020-01-02,0.0,0.0,0.0,0.0,0.0,0.0,0.0,0.0,0.0,0.0,0.0,0.0,0.0,0.0,0.0,0.0,0.0,0.0,0.0,0.0,0.0,0.0,0.0,0.0,0.0,0.0,0.0,0.0,0.0,0.0,0.0,0.0,0.0,0.0
2020-01-03,0.0,0.0,0.0,0.0,0.0,0.0,0.0,0.0,0.0,0.0,0.0,0.0,0.0,0.0,0.0,0.0,0.0,0.0,0.0,0.0,0.0,0.0,0.0,0.0,0.0,0.0,0.0,0.0,0.0,0.0,0.0,0.0,0.0,0.0
2020-01-04,0.0,0.0,0.0,0.0,0.0,0.0,0.0,0.0,0.0,0.0,0.0,0.0,0.0,0.0,0.0,0.0,0.0,0.0,0.0,0.0,0.0,0.0,0.0,0.0,0.0,0.0,0.0,0.0,0.0,0.0,0.0,0.0,0.0,0.0
2020-01-05,0.0,0.0,0.0,0.0,0.0,0.0,0.0,0.0,0.0,0.0,0.0,0.0,0.0,0.0,0.0,0.0,0.0,0.0,0.0,0.0,0.0,0.0,0.0,0.0,0.0,0.0,0.0,0.0,0.0,0.0,0.0,0.0,0.0,0.0
2020-01-06,0.0,0.0,0.0,0.0,0.0,0.0,0.0,0.0,0.0,0.0,0.0,0.0,0.0,0.0,0.0,0.0,0.0,0.0,0.0,0.0,0.0,0.0,0.0,0.0,0.0,0.0,0.0,0.0,0.0,0.0,0.0,0.0,0.0,0.0
2020-01-07,0.0,0.0,0.0,0.0,0.0,0.0,0.0,0.0,0.0,0.0,0.0,0.0,0.0,0.0,0.0,0.0,0.0,0.0,0.0,0.0,0.0,0.0,0.0,0.0,0.0,0.0,0.0,0.0,0.0,0.0,0.0,0.0,0.0,0.0
2020-01-08,0.0,0.0,0.0,0.0,0.0,0.0,0.0,0.0,0.0,0.0,0.0,0.0,0.0,0.0,0.0,0.0,0.0,0.0,0.0,0.0,0.0,0.0,0.0,0.0,0.0,0.0,0.0,0.0,0.0,0.0,0.0,0.0,0.0,0.0
2020-01-09,0.0,0.0,0.0,0.0,0.0,0.0,0.0,0.0,0.0,0.0,0.0,0.0,0.0,0.0,0.0,0.0,0.0,0.0,0.0,0.0,0.0,0.0,0.0,0.0,0.0,0.0,0.0,0.0,0.0,0.0,0.0,0.0,0.0,0.0
2020-01-10,0.0,0.0,0.0,0.0,0.0,0.0,0.0,0.0,0.0,0.0,0.0,0.0,0.0,0.0,0.0,0.0,0.0,0.0,0.0,0.0,0.0,0.0,0.0,0.0,0.0,0.0,0.0,0.0,0.0,0.0,0.0,0.0,0.0,0.0
2020-01-11,0.0,0.0,0.0,0.0,0.0,0.0,0.0,0.0,0.0,0.0,0.0,0.0,0.0,0.0,0.0,0.0,0.0,0.0,0.0,0.0,0.0,0.0,0.0,0.0,0.0,0.0,0.0,0.0,0.0,0.0,0.0,0.0,0.0,0.0
2020-01-12,0.0,0.0,0.0,0.0,0.0,0.0,0.0,0.0,0.0,0.0,0.0,0.0,0.0,0.0,0.0,0.0,0.0,0.0,0.0,0.0,0.0,0.0,0.0,0.0,0.0,0.0,0.0,0.0,0.0,0.0,0.0,0.0,0.0,0.0
2020-01-13,0.0,0.0,0.0,0.0,0.0,0.0,0.0,0.0,0.0,0.0,0.0,0.0,0.0,0.0,0.0,0.0,0.0,0.0,0.0,0.0,0.0,0.0,0.0,0.0,0.0,0.0,0.0,0.0,0.0,0.0,0.0,0.0,0.0,0.0
2020-01-14,0.0,0.0,0.0,0.0,0.0,0.0,0.0,0.0,0.0,0.0,0.0,0.0,0.0,0.0,0.0,0.0,0.0,0.0,0.0,0.0,0.0,0.0,0.0,0.0,0.0,0.0,0.0,0.0,0.0,0.0,0.0,0.0,0.0,0.0
2020-01-15,0.0,0.0,0.0,0.0,0.0,0.0,0.0,0.0,0.0,0.0,0.0,0.0,0.0,0.0,0.0,0.0,0.0,0.0,0.0,0.0,0.0,0.0,0.0,0.0,0.0,0.0,0.0,0.0,0.0,0.0,0.0,0.0,0.0,0.0
2020-01-16,0.0,0.0,0.0,0.0,0.0,0.0,0.0,0.0,0.0,0.0,0.0,0.0,0.0,0.0,0.0,0.0,0.0,0.0,0.0,0.0,0.0,0.0,0.0,0.0,0.0,0.0,0.0,0.0,0.0,0.0,0.0,0.0,0.0,0.0
2020-01-17,0.0,0.0,0.0,0.0,0.0,0.0,0.0,0.0,0.0,0.0,0.0,0.0,0.0,0.0,0.0,0.0,0.0,0.0,0.0,0.0,0.0,0.0,0.0,0.0,0.0,0.0,0.0,0.0,0.0,0.0,0.0,0.0,0.0,0.0
2020-01-18,0.0,0.0,0.0,0.0,0.0,0.0,0.0,0.0,0.0,0.0,0.0,0.0,0.0,0.0,0.0,0.0,0.0,0.0,0.0,0.0,0.0,0.0,0.0,0.0,0.0,0.0,0.0,0.0,0.0,0.0,0.0,0.0,0.0,0.0
2020-01-19,0.0,0.0,0.0,0.0,0.0,0.0,0.0,0.0,0.0,0.0,0.0,0.0,0.0,0.0,0.0,0.0,0.0,0.0,0.0,0.0,0.0,0.0,0.0,0.0,0.0,0.0,0.0,0.0,0.0,0.0,0.0,0.0,0.0,0.0
2020-01-20,0.0,0.0,0.0,0.0,0.0,0.0,0.0,0.0,0.0,0.0,0.0,0.0,0.0,0.0,0.0,0.0,0.0,0.0,0.0,0.0,0.0,0.0,0.0,0.0,0.0,0.0,0.0,0.0,0.0,0.0,0.0,0.0,0.0,0.0
2020-01-21,0.0,0.0,0.0,0.0,0.0,0.0,0.0,0.0,0.0,0.0,0.0,0.0,0.0,0.0,0.0,0.0,0.0,0.0,0.0,0.0,0.0,0.0,0.0,0.0,0.0,0.0,0.0,0.0,0.0,0.0,0.0,0.0,0.0,0.0
2020-01-22,0.0,0.0,0.0,0.0,0.0,0.0,0.0,0.0,0.0,0.0,0.0,0.0,0.0,0.0,0.0,0.0,0.0,0.0,0.0,0.0,0.0,0.0,0.0,0.0,0.0,0.0,0.0,0.0,0.0,0.0,0.0,0.0,0.0,0.0
2020-01-23,0.0,0.0,0.0,0.0,0.0,0.0,0.0,0.0,0.0,0.0,0.0,0.0,0.0,0.0,0.0,0.0,0.0,0.0,0.0,0.0,0.0,0.0,0.0,0.0,0.0,0.0,0.0,0.0,0.0,0.0,0.0,0.0,0.0,0.0
2020-01-24,0.0,0.0,0.0,0.0,0.0,0.0,0.0,0.0,0.0,0.0,0.0,0.0,0.0,0.0,0.0,0.0,0.0,0.0,0.0,0.0,0.0,0.0,0.0,0.0,0.0,0.0,0.0,0.0,0.0,0.0,0.0,0.0,0.0,0.0
2020-01-25,0.0,0.0,0.0,0.0,0.0,0.0,0.0,0.0,0.0,0.0,0.0,0.0,0.0,0.0,0.0,0.0,0.0,0.0,0.0,0.0,0.0,0.0,0.0,0.0,0.0,0.0,0.0,0.0,0.0,0.0,0.0,0.0,0.0,0.0
2020-01-26,0.0,0.0,0.0,0.0,0.0,0.0,0.0,0.0,0.0,0.0,0.0,0.0,0.0,0.0,0.0,0.0,0.0,0.0,0.0,0.0,0.0,0.0,0.0,0.0,0.0,0.0,0.0,0.0,0.0,0.0,0.0,0.0,0.0,0.0
2020-01-27,0.0,0.0,0.0,0.0,0.0,0.0,0.0,0.0,0.0,0.0,0.0,0.0,0.0,0.0,0.0,0.0,0.0,0.0,0.0,0.0,0.0,0.0,0.0,0.0,0.0,0.0,0.0,0.0,0.0,0.0,0.0,0.0,0.0,0.0
2020-01-28,0.0,0.0,0.0,0.0,0.0,0.0,0.0,0.0,0.0,0.0,0.0,0.0,0.0,0.0,0.0,0.0,0.0,0.0,0.0,0.0,0.0,0.0,0.0,0.0,0.0,0.0,0.0,0.0,0.0,0.0,0.0,0.0,0.0,0.0
2020-01-29,0.0,0.0,0.0,0.0,0.0,0.0,0.0,0.0,0.0,0.0,0.0,0.0,0.0,0.0,0.0,0.0,0.0,0.0,0.0,0.0,0.0,0.0,0.0,0.0,0.0,0.0,0.0,0.0,0.0,0.0,0.0,0.0,0.0,0.0
2020-01-30,0.0,0.0,0.0,0.0,0.0,0.0,0.0,0.0,0.0,0.0,0.0,0.0,0.0,0.0,0.0,0.0,0.0,0.0,0.0,0.0,0.0,0.0,0.0,0.0,0.0,0.0,0.0,0.0,0.0,0.0,0.0,0.0,0.0,0.0
2020-01-31,0.0,0.0,0.0,0.0,0.0,0.0,0.0,0.0,0.0,0.0,0.0,0.0,0.0,0.0,0.0,0.0,0.0,0.0,0.0,0.0,0.0,0.0,0.0,0.0,0.0,0.0,0.0,0.0,0.0,0.0,0.0,0.0,0.0,0.0
2020-02-01,0.0,0.0,0.0,0.0,0.0,0.0,0.0,0.0,0.0,0.0,0.0,0.0,0.0,0.0,0.0,0.0,0.0,0.0,0.0,0.0,0.0,0.0,0.0,0.0,0.0,0.0,0.0,0.0,0.0,0.0,0.0,0.0,0.0,0.0
2020-02-02,0.0,0.0,0.0,0.0,0.0,0.0,0.0,0.0,0.0,0.0,0.0,0.0,0.0,0.0,0.0,0.0,0.0,0.0,0.0,0.0,0.0,0.0,0.0,0.0,0.0,0.0,0.0,0.0,0.0,0.0,0.0,0.0,0.0,0.0
2020-02-03,0.0,0.0,0.0,0.0,0.0,0.0,0.0,0.0,0.0,0.0,0.0,0.0,0.0,0.0,0.0,0.0,0.0,0.0,0.0,0.0,0.0,0.0,0.0,0.0,0.0,0.0,0.0,0.0,0.0,0.0,0.0,0.0,0.0,0.0
2020-02-04,0.0,0.0,0.0,0.0,0.0,0.0,0.0,0.0,0.0,0.0,0.0,0.0,0.0,0.0,0.0,0.0,0.0,0.0,0.0,0.0,0.0,0.0,0.0,0.0,0.0,0.0,0.0,0.0,0.0,0.0,0.0,0.0,0.0,0.0
2020-02-05,0.0,0.0,0.0,0.0,0.0,0.0,0.0,0.0,0.0,0.0,0.0,0.0,0.0,0.0,0.0,0.0,0.0,0.0,0.0,0.0,0.0,0.0,0.0,0.0,0.0,0.0,0.0,0.0,0.0,0.0,0.0,0.0,0.0,0.0
2020-02-06,0.0,0.0,0.0,0.0,0.0,0.0,0.0,0.0,0.0,0.0,0.0,0.0,0.0,0.0,0.0,0.0,0.0,0.0,0.0,0.0,0.0,0.0,0.0,0.0,0.0,0.0,0.0,0.0,0.0,0.0,0.0,0.0,0.0,0.0
2020-02-07,0.0,0.0,0.0,0.0,0.0,0.0,0.0,0.0,0.0,0.0,0.0,0.0,0.0,0.0,0.0,0.0,0.0,0.0,0.0,0.0,0.0,0.0,0.0,0.0,0.0,0.0,0.0,0.0,0.0,0.0,0.0,0.0,0.0,0.0
2020-02-08,0.0,0.0,0.0,0.0,0.0,0.0,0.0,0.0,0.0,0.0,0.0,0.0,0.0,0.0,0.0,0.0,0.0,0.0,0.0,0.0,0.0,0.0,0.0,0.0,0.0,0.0,0.0,0.0,0.0,0.0,0.0,0.0,0.0,0.0
2020-02-09,0.0,0.0,0.0,0.0,0.0,0.0,0.0,0.0,0.0,0.0,0.0,0.0,0.0,0.0,0.0,0.0,0.0,0.0,0.0,0.0,0.0,0.0,0.0,0.0,0.0,0.0,0.0,0.0,0.0,0.0,0.0,0.0,0.0,0.0
2020-02-10,0.0,0.0,0.0,0.0,0.0,0.0,0.0,0.0,0.0,0.0,0.0,0.0,0.0,0.0,0.0,0.0,0.0,0.0,0.0,0.0,0.0,0.0,0.0,0.0,0.0,0.0,0.0,0.0,0.0,0.0,0.0,0.0,0.0,0.0
2020-02-11,0.0,0.0,0.0,0.0,0.0,0.0,0.0,0.0,0.0,0.0,0.0,0.0,0.0,0.0,0.0,0.0,0.0,0.0,0.0,0.0,0.0,0.0,0.0,0.0,0.0,0.0,0.0,0.0,0.0,0.0,0.0,0.0,0.0,0.0
2020-02-12,0.0,0.0,0.0,0.0,0.0,0.0,0.0,0.0,0.0,0.0,0.0,0.0,0.0,0.0,0.0,0.0,0.0,0.0,0.0,0.0,0.0,0.0,0.0,0.0,0.0,0.0,0.0,0.0,0.0,0.0,0.0,0.0,0.0,0.0
2020-02-13,0.0,0.0,0.0,0.0,0.0,0.0,0.0,0.0,0.0,0.0,0.0,0.0,0.0,0.0,0.0,0.0,0.0,0.0,0.0,0.0,0.0,0.0,0.0,0.0,0.0,0.0,0.0,0.0,0.0,0.0,0.0,0.0,0.0,0.0
2020-02-14,0.0,0.0,0.0,0.0,0.0,0.0,0.0,0.0,0.0,0.0,0.0,0.0,0.0,0.0,0.0,0.0,0.0,0.0,0.0,0.0,0.0,0.0,0.0,0.0,0.0,0.0,0.0,0.0,0.0,0.0,0.0,0.0,0.0,0.0
2020-02-15,0.0,0.0,0.0,0.0,0.0,0.0,0.0,0.0,0.0,0.0,0.0,0.0,0.0,0.0,0.0,0.0,0.0,0.0,0.0,0.0,0.0,0.0,0.0,0.0,0.0,0.0,0.0,0.0,0.0,0.0,0.0,0.0,0.0,0.0
2020-02-16,0.0,0.0,0.0,0.0,0.0,0.0,0.0,0.0,0.0,0.0,0.0,0.0,0.0,0.0,0.0,0.0,0.0,0.0,0.0,0.0,0.0,0.0,0.0,0.0,0.0,0.0,0.0,0.0,0.0,0.0,0.0,0.0,0.0,0.0
2020-02-17,0.0,0.0,0.0,0.0,0.0,0.0,0.0,0.0,0.0,0.0,0.0,0.0,0.0,0.0,0.0,0.0,0.0,0.0,0.0,0.0,0.0,0.0,0.0,0.0,0.0,0.0,0.0,0.0,0.0,0.0,0.0,0.0,0.0,0.0
2020-02-18,0.0,0.0,0.0,0.0,0.0,0.0,0.0,0.0,0.0,0.0,0.0,0.0,0.0,0.0,0.0,0.0,0.0,0.0,0.0,0.0,0.0,0.0,0.0,0.0,0.0,0.0,0.0,0.0,0.0,0.0,0.0,0.0,0.0,0.0
2020-02-19,0.0,0.0,0.0,0.0,0.0,0.0,0.0,0.0,0.0,0.0,0.0,0.0,0.0,0.0,0.0,0.0,0.0,0.0,0.0,0.0,0.0,0.0,0.0,0.0,0.0,0.0,0.0,0.0,0.0,0.0,0.0,0.0,0.0,0.0
2020-02-20,0.0,0.0,0.0,0.0,0.0,0.0,0.0,0.0,0.0,0.0,0.0,0.0,0.0,0.0,0.0,0.0,0.0,0.0,0.0,0.0,0.0,0.0,0.0,0.0,0.0,0.0,0.0,0.0,0.0,0.0,0.0,0.0,0.0,0.0
2020-02-21,0.0,0.0,0.0,0.0,0.0,0.0,0.0,0.0,0.0,0.0,0.0,0.0,0.0,0.0,0.0,0.0,0.0,0.0,0.0,0.0,0.0,0.0,0.0,0.0,0.0,0.0,0.0,0.0,0.0,0.0,0.0,0.0,0.0,0.0
2020-02-22,0.0,0.0,0.0,0.0,0.0,0.0,0.0,0.0,0.0,0.0,0.0,0.0,0.0,0.0,0.0,0.0,0.0,0.0,0.0,0.0,0.0,0.0,0.0,0.0,0.0,0.0,0.0,0.0,0.0,0.0,0.0,0.0,0.0,0.0
2020-02-23,0.0,0.0,0.0,0.0,0.0,0.0,0.0,0.0,0.0,0.0,0.0,0.0,0.0,0.0,0.0,0.0,0.0,0.0,0.0,0.0,0.0,0.0,0.0,0.0,0.0,0.0,0.0,0.0,0.0,0.0,0.0,0.0,0.0,0.0
2020-02-24,0.0,0.0,0.0,0.0,0.0,0.0,0.0,0.0,0.0,0.0,0.0,0.0,0.0,0.0,0.0,0.0,0.0,0.0,0.0,0.0,0.0,0.0,0.0,0.0,0.0,0.0,0.0,0.0,0.0,0.0,0.0,0.0,0.0,0.0
2020-02-25,0.0,0.0,0.0,0.0,0.0,0.0,0.0,0.0,0.0,0.0,0.0,0.0,0.0,0.0,0.0,0.0,0.0,0.0,0.0,0.0,0.0,0.0,0.0,0.0,0.0,0.0,0.0,0.0,0.0,0.0,0.0,0.0,0.0,0.0
2020-02-26,0.0,0.0,0.0,0.0,0.0,0.0,0.0,0.0,0.0,0.0,0.0,0.0,0.0,0.0,0.0,0.0,0.0,0.0,0.0,0.0,0.0,0.0,0.0,0.0,0.0,0.0,0.0,0.0,0.0,0.0,0.0,0.0,0.0,0.0
2020-02-27,0.0,0.0,0.0,0.0,0.0,0.0,0.0,0.0,0.0,0.0,0.0,0.0,0.0,0.0,0.0,0.0,0.0,0.0,0.0,0.0,0.0,0.0,0.0,0.0,0.0,0.0,0.0,0.0,0.0,0.0,0.0,0.0,0.0,0.0
2020-02-28,0.0,0.0,0.0,0.0,0.0,0.0,0.0,0.0,0.0,0.0,0.0,0.0,0.0,0.0,0.0,0.0,0.0,0.0,0.0,0.0,0.0,0.0,0.0,0.0,0.0,0.0,0.0,0.0,0.0,0.0,0.0,0.0,0.0,0.0
2020-02-29,0.0,0.0,0.0,0.0,0.0,0.0,0.0,0.0,0.0,0.0,0.0,0.0,0.0,0.0,0.0,0.0,0.0,0.0,0.0,0.0,0.0,0.0,0.0,0.0,0.0,0.0,0.0,0.0,0.0,0.0,0.0,0.0,0.0,0.0
2020-03-01,0.0,0.0,0.0,0.0,0.0,0.0,0.0,0.0,0.0,0.0,0.0,0.0,0.0,0.0,0.0,0.0,0.0,0.0,0.0,0.0,0.0,0.0,0.0,0.0,0.0,0.0,0.0,0.0,0.0,0.0,0.0,0.0,0.0,0.0
2020-03-02,0.0,0.0,0.0,0.0,0.0,0.0,0.0,0.0,0.0,0.0,0.0,0.0,0.0,0.0,0.0,0.0,0.0,0.0,0.0,0.0,0.0,0.0,0.0,0.0,0.0,0.0,0.0,0.0,0.0,0.0,0.0,0.0,0.0,0.0
2020-03-03,0.0,0.0,0.0,0.0,0.0,0.0,0.0,0.0,0.0,0.0,0.0,0.0,0.0,0.0,0.0,0.0,0.0,0.0,0.0,0.0,0.0,0.0,0.0,0.0,0.0,0.0,0.0,0.0,0.0,0.0,0.0,0.0,0.0,0.0
2020-03-04,0.0,0.0,0.0,0.0,0.0,0.0,0.0,0.0,0.0,0.0,0.0,0.0,0.0,0.0,0.0,0.0,0.0,0.0,0.0,0.0,0.0,0.0,0.0,0.0,0.0,0.0,0.0,0.0,0.0,0.0,0.0,0.0,0.0,0.0
2020-03-05,20200305.0,1.0,0.0,0.0,0.0,0.0,0.0,0.0,0.0,0.0,0.0,0.0,0.0,0.0,0.0,0.0,0.0,0.0,0.0,34.0,0.0,0.0,1.0,1.0,0.0,1.0,0.0,0.0,0.0,0.0,0.0,0.0,0.0,0.0
2020-03-06,20200306.0,1.0,0.0,0.0,0.0,0.0,0.0,0.0,0.0,0.0,0.0,0.0,0.0,0.0,0.0,0.0,0.0,0.0,0.0,34.0,0.0,0.0,1.0,1.0,0.0,1.0,0.0,0.0,0.0,0.0,0.0,0.0,0.0,0.0
2020-03-07,20200307.0,4.0,0.0,0.0,0.0,0.0,0.0,0.0,0.0,0.0,0.0,0.0,0.0,0.0,0.0,0.0,0.0,0.0,0.0,34.0,0.0,0.0,5.0,4.0,3.0,4.0,0.0,0.0,0.0,0.0,0.0,0.0,0.0,0.0
2020-03-08,20200308.0,6.0,31.0,0.0,0.0,0.0,0.0,0.0,0.0,0.0,0.0,0.0,0.0,0.0,0.0,0.0,0.0,0.0,0.0,34.0,0.0,0.0,37.0,37.0,33.0,37.0,0.0,0.0,0.0,0.0,0.0,0.0,0.0,0.0
2020-03-09,20200309.0,11.0,35.0,14.0,0.0,0.0,0.0,0.0,0.0,0.0,0.0,0.0,0.0,0.0,0.0,0.0,0.0,0.0,0.0,34.0,0.0,0.0,60.0,46.0,9.0,46.0,0.0,0.0,0.0,0.0,0.0,0.0,0.0,0.0
2020-03-10,20200310.0,15.0,44.0,20.0,0.0,0.0,0.0,0.0,0.0,0.0,0.0,0.0,0.0,0.0,0.0,0.0,0.0,0.0,0.0,34.0,0.0,0.0,79.0,59.0,13.0,59.0,0.0,0.0,0.0,0.0,0.0,0.0,0.0,0.0
2020-03-11,20200311.0,24.0,57.0,20.0,0.0,0.0,0.0,0.0,0.0,0.0,0.0,1.0,0.0,0.0,0.0,0.0,0.0,0.0,0.0,34.0,0.0,0.0,101.0,81.0,22.0,81.0,0.0,0.0,0.0,0.0,0.0,0.0,0.0,0.0
2020-03-12,20200312.0,30.0,74.0,20.0,0.0,0.0,0.0,0.0,0.0,0.0,0.0,1.0,0.0,0.0,0.0,0.0,0.0,0.0,0.0,34.0,0.0,0.0,124.0,104.0,23.0,104.0,0.0,0.0,0.0,0.0,0.0,0.0,0.0,0.0
2020-03-13,20200313.0,50.0,97.0,80.0,0.0,0.0,0.0,0.0,0.0,0.0,0.0,1.0,0.0,0.0,0.0,0.0,0.0,0.0,0.0,34.0,0.0,0.0,227.0,147.0,43.0,147.0,0.0,0.0,0.0,0.0,0.0,0.0,0.0,0.0
2020-03-14,20200314.0,50.0,97.0,80.0,0.0,0.0,0.0,0.0,0.0,0.0,0.0,1.0,0.0,0.0,0.0,0.0,0.0,0.0,0.0,34.0,0.0,0.0,227.0,147.0,0.0,147.0,0.0,0.0,0.0,0.0,0.0,0.0,0.0,0.0
2020-03-15,20200315.0,98.0,120.0,34.0,0.0,0.0,0.0,0.0,0.0,0.0,0.0,2.0,0.0,0.0,0.0,0.0,0.0,0.0,0.0,34.0,0.0,0.0,252.0,218.0,71.0,218.0,0.0,0.0,0.0,0.0,0.0,0.0,0.0,0.0
2020-03-16,20200316.0,178.0,120.0,20.0,0.0,0.0,0.0,0.0,0.0,0.0,0.0,2.0,0.0,0.0,0.0,0.0,0.0,0.0,0.0,34.0,0.0,0.0,318.0,298.0,80.0,298.0,0.0,0.0,0.0,0.0,0.0,0.0,0.0,0.0
2020-03-17,20200317.0,267.0,163.0,55.0,0.0,0.0,0.0,0.0,0.0,0.0,0.0,3.0,0.0,0.0,0.0,0.0,0.0,0.0,0.0,34.0,0.0,0.0,485.0,430.0,132.0,430.0,0.0,0.0,0.0,0.0,0.0,0.0,0.0,0.0
2020-03-18,20200318.0,427.0,190.0,21.0,0.0,0.0,0.0,0.0,0.0,0.0,0.0,5.0,0.0,0.0,0.0,0.0,0.0,0.0,0.0,34.0,0.0,0.0,638.0,617.0,187.0,617.0,0.0,0.0,0.0,0.0,0.0,0.0,0.0,0.0
2020-03-19,20200319.0,742.0,210.0,74.0,0.0,0.0,0.0,0.0,0.0,0.0,0.0,9.0,0.0,0.0,0.0,0.0,0.0,0.0,0.0,34.0,0.0,0.0,1026.0,952.0,335.0,952.0,0.0,0.0,0.0,0.0,0.0,0.0,0.0,0.0
2020-03-20,20200320.0,890.0,264.0,86.0,0.0,0.0,0.0,0.0,0.0,0.0,0.0,11.0,0.0,0.0,0.0,0.0,0.0,0.0,0.0,34.0,0.0,0.0,1240.0,1154.0,202.0,1154.0,0.0,0.0,0.0,0.0,0.0,0.0,0.0,0.0
2020-03-21,20200321.0,1327.0,294.0,40.0,0.0,0.0,0.0,0.0,0.0,0.0,0.0,16.0,0.0,0.0,0.0,0.0,0.0,0.0,0.0,34.0,0.0,0.0,1661.0,1621.0,467.0,1621.0,0.0,0.0,0.0,0.0,0.0,0.0,0.0,0.0
2020-03-22,20200322.0,1914.0,327.0,49.0,0.0,0.0,0.0,0.0,0.0,0.0,0.0,20.0,0.0,0.0,0.0,0.0,0.0,0.0,0.0,34.0,0.0,0.0,2290.0,2241.0,620.0,2241.0,0.0,0.0,0.0,0.0,0.0,0.0,0.0,0.0
2020-03-23,20200323.0,2844.0,359.0,94.0,0.0,0.0,0.0,0.0,0.0,0.0,0.0,27.0,0.0,0.0,0.0,0.0,0.0,0.0,0.0,34.0,0.0,0.0,3297.0,3203.0,962.0,3203.0,0.0,0.0,0.0,0.0,0.0,0.0,0.0,0.0
2020-03-24,20200324.0,3675.0,8325.0,45.0,0.0,0.0,0.0,0.0,0.0,0.0,0.0,44.0,0.0,0.0,0.0,0.0,0.0,0.0,0.0,34.0,0.0,0.0,12045.0,12000.0,8797.0,12000.0,0.0,0.0,0.0,0.0,0.0,0.0,0.0,0.0
2020-03-25,20200325.0,4402.0,10452.0,45.0,0.0,0.0,0.0,0.0,0.0,0.0,0.0,62.0,0.0,0.0,0.0,0.0,0.0,0.0,0.0,34.0,0.0,0.0,14854.0,14854.0,2854.0,14854.0,0.0,0.0,0.0,0.0,0.0,0.0,0.0,0.0
2020-03-26,20200326.0,6876.0,13661.0,45.0,0.0,0.0,0.0,0.0,0.0,0.0,0.0,81.0,0.0,0.0,0.0,0.0,0.0,0.0,0.0,34.0,0.0,0.0,20537.0,20537.0,5683.0,20537.0,0.0,0.0,0.0,0.0,0.0,0.0,0.0,0.0
2020-03-27,20200327.0,8825.0,16547.0,45.0,0.0,0.0,0.0,0.0,0.0,0.0,0.0,108.0,0.0,0.0,0.0,0.0,0.0,0.0,0.0,34.0,0.0,0.0,25372.0,25372.0,4835.0,25372.0,0.0,0.0,0.0,0.0,0.0,0.0,0.0,0.0
2020-03-28,20200328.0,11124.0,19386.0,45.0,0.0,0.0,0.0,0.0,0.0,0.0,0.0,140.0,0.0,0.0,0.0,0.0,0.0,0.0,0.0,34.0,0.0,0.0,30510.0,30510.0,5138.0,30510.0,0.0,0.0,0.0,0.0,0.0,0.0,0.0,0.0
2020-03-29,20200329.0,13386.0,22216.0,45.0,0.0,0.0,0.0,0.0,0.0,0.0,0.0,161.0,0.0,0.0,0.0,0.0,0.0,0.0,0.0,34.0,0.0,0.0,35602.0,35602.0,5092.0,35602.0,0.0,0.0,0.0,0.0,0.0,0.0,0.0,0.0
2020-03-30,20200330.0,16636.0,25224.0,45.0,0.0,0.0,0.0,0.0,0.0,0.0,0.0,198.0,0.0,0.0,0.0,0.0,0.0,0.0,0.0,34.0,0.0,0.0,41860.0,41860.0,6258.0,41860.0,0.0,0.0,0.0,0.0,0.0,0.0,0.0,0.0
2020-03-31,20200331.0,18696.0,27077.0,45.0,0.0,0.0,0.0,0.0,0.0,0.0,0.0,267.0,0.0,0.0,0.0,0.0,0.0,0.0,0.0,34.0,0.0,0.0,45773.0,45773.0,3913.0,45773.0,0.0,0.0,0.0,0.0,0.0,0.0,0.0,0.0
2020-04-01,20200401.0,22255.0,30387.0,45.0,0.0,0.0,0.0,0.0,0.0,0.0,0.0,355.0,0.0,0.0,0.0,0.0,0.0,0.0,0.0,34.0,0.0,0.0,52642.0,52642.0,6869.0,52642.0,0.0,0.0,0.0,0.0,0.0,0.0,0.0,0.0
2020-04-02,20200402.0,25590.0,33520.0,45.0,0.0,0.0,0.0,0.0,0.0,0.0,0.0,537.0,0.0,0.0,0.0,0.0,0.0,0.0,0.0,34.0,0.0,0.0,59110.0,59110.0,6468.0,59110.0,0.0,0.0,0.0,0.0,0.0,0.0,0.0,0.0
2020-04-03,20200403.0,29895.0,37608.0,45.0,0.0,0.0,0.0,0.0,0.0,0.0,0.0,646.0,0.0,0.0,0.0,0.0,0.0,0.0,0.0,34.0,0.0,0.0,67503.0,67503.0,8393.0,67503.0,0.0,0.0,0.0,0.0,0.0,0.0,0.0,0.0
2020-04-04,20200404.0,34124.0,41232.0,45.0,0.0,0.0,0.0,0.0,0.0,0.0,0.0,846.0,0.0,0.0,0.0,0.0,0.0,0.0,0.0,34.0,0.0,0.0,75356.0,75356.0,7853.0,75356.0,0.0,0.0,0.0,0.0,0.0,0.0,0.0,0.0
2020-04-05,20200405.0,37505.0,44661.0,45.0,0.0,0.0,0.0,0.0,0.0,0.0,0.0,917.0,0.0,0.0,0.0,0.0,0.0,0.0,0.0,34.0,0.0,0.0,82166.0,82166.0,6810.0,82166.0,0.0,0.0,0.0,0.0,0.0,0.0,0.0,0.0
2020-04-06,20200406.0,41090.0,47942.0,45.0,0.0,0.0,0.0,0.0,0.0,0.0,0.0,1003.0,0.0,0.0,0.0,0.0,0.0,0.0,0.0,34.0,0.0,0.0,89032.0,89032.0,6866.0,89032.0,0.0,0.0,0.0,0.0,0.0,0.0,0.0,0.0
2020-04-07,20200407.0,44416.0,50558.0,45.0,0.0,0.0,0.0,0.0,0.0,0.0,0.0,1232.0,0.0,0.0,0.0,0.0,0.0,0.0,0.0,34.0,0.0,0.0,94974.0,94974.0,5942.0,94974.0,0.0,0.0,0.0,0.0,0.0,0.0,0.0,0.0
2020-04-08,20200408.0,47437.0,52979.0,45.0,0.0,0.0,0.0,0.0,0.0,0.0,0.0,1504.0,0.0,0.0,0.0,0.0,0.0,0.0,0.0,34.0,0.0,0.0,100416.0,100416.0,5442.0,100416.0,0.0,0.0,0.0,0.0,0.0,0.0,0.0,0.0
2020-04-09,20200409.0,51027.0,56165.0,45.0,0.0,0.0,0.0,0.0,0.0,0.0,0.0,1700.0,0.0,0.0,0.0,0.0,0.0,0.0,0.0,34.0,0.0,0.0,107192.0,107192.0,6776.0,107192.0,0.0,0.0,0.0,0.0,0.0,0.0,0.0,0.0
2020-04-10,20200410.0,54588.0,58935.0,45.0,0.0,0.0,0.0,0.0,0.0,0.0,682.0,1932.0,0.0,0.0,0.0,0.0,0.0,0.0,0.0,34.0,0.0,0.0,113523.0,113523.0,6331.0,113523.0,0.0,0.0,0.0,0.0,0.0,0.0,0.0,0.0
2020-04-11,20200411.0,58151.0,62042.0,45.0,0.0,0.0,0.0,0.0,0.0,0.0,682.0,2183.0,0.0,0.0,0.0,0.0,0.0,0.0,0.0,34.0,0.0,0.0,120193.0,120193.0,6670.0,120193.0,0.0,0.0,0.0,0.0,0.0,0.0,0.0,0.0
2020-04-12,20200412.0,61850.0,64885.0,45.0,0.0,0.0,0.0,0.0,0.0,0.0,682.0,2350.0,0.0,0.0,0.0,0.0,0.0,0.0,0.0,34.0,0.0,0.0,126735.0,126735.0,6542.0,126735.0,0.0,0.0,0.0,0.0,0.0,0.0,0.0,0.0
2020-04-13,20200413.0,64584.0,64885.0,45.0,0.0,0.0,0.0,0.0,0.0,0.0,682.0,2443.0,0.0,0.0,0.0,0.0,0.0,0.0,0.0,34.0,0.0,0.0,129469.0,129469.0,2734.0,129469.0,0.0,0.0,0.0,0.0,0.0,0.0,0.0,0.0
2020-04-14,20200414.0,68824.0,70950.0,45.0,0.0,0.0,0.0,0.0,0.0,0.0,682.0,2805.0,0.0,0.0,0.0,0.0,0.0,0.0,0.0,34.0,0.0,0.0,139774.0,139774.0,10305.0,139774.0,0.0,0.0,0.0,0.0,0.0,0.0,0.0,0.0
2020-04-15,20200415.0,71030.0,72991.0,45.0,0.0,0.0,0.0,0.0,0.0,0.0,682.0,3156.0,0.0,0.0,0.0,0.0,0.0,0.0,0.0,34.0,0.0,0.0,144021.0,144021.0,4247.0,144021.0,0.0,0.0,0.0,0.0,0.0,0.0,0.0,0.0
2020-04-16,20200416.0,75317.0,76513.0,45.0,0.0,0.0,0.0,0.0,0.0,0.0,682.0,3518.0,0.0,0.0,0.0,0.0,0.0,0.0,0.0,34.0,0.0,0.0,151830.0,151830.0,7809.0,151830.0,0.0,0.0,0.0,0.0,0.0,0.0,0.0,0.0
2020-04-17,20200417.0,78467.0,78982.0,45.0,0.0,0.0,0.0,0.0,0.0,0.0,682.0,3840.0,0.0,0.0,0.0,0.0,0.0,0.0,0.0,34.0,0.0,0.0,157449.0,157449.0,5619.0,157449.0,0.0,0.0,0.0,0.0,0.0,0.0,0.0,0.0
2020-04-18,20200418.0,81420.0,81116.0,45.0,0.0,0.0,0.0,0.0,0.0,0.0,682.0,4070.0,0.0,0.0,0.0,0.0,0.0,0.0,0.0,34.0,0.0,0.0,162536.0,162536.0,5087.0,162536.0,0.0,0.0,0.0,0.0,0.0,0.0,0.0,0.0
2020-04-19,20200419.0,85301.0,85387.0,45.0,0.0,0.0,0.0,0.0,0.0,0.0,682.0,4202.0,0.0,0.0,0.0,0.0,0.0,0.0,0.0,34.0,0.0,0.0,170688.0,170688.0,8152.0,170688.0,0.0,0.0,0.0,0.0,0.0,0.0,0.0,0.0
2020-04-20,20200420.0,88806.0,89251.0,45.0,0.0,0.0,0.0,0.0,0.0,0.0,682.0,4377.0,0.0,0.0,0.0,0.0,0.0,0.0,0.0,34.0,0.0,0.0,178057.0,178057.0,7369.0,178057.0,0.0,0.0,0.0,0.0,0.0,0.0,0.0,0.0
2020-04-21,20200421.0,92387.0,92439.0,45.0,0.0,0.0,0.0,0.0,0.0,0.0,682.0,4753.0,0.0,0.0,0.0,0.0,0.0,0.0,0.0,34.0,0.0,0.0,184826.0,184826.0,6769.0,184826.0,0.0,0.0,0.0,0.0,0.0,0.0,0.0,0.0
2020-04-22,20200422.0,95865.0,95794.0,45.0,0.0,0.0,0.0,0.0,0.0,0.0,682.0,5063.0,0.0,0.0,0.0,0.0,0.0,0.0,0.0,34.0,0.0,0.0,191659.0,191659.0,6833.0,191659.0,0.0,0.0,0.0,0.0,0.0,0.0,0.0,0.0
2020-04-23,20200423.0,99989.0,100159.0,45.0,0.0,0.0,0.0,0.0,0.0,0.0,682.0,5368.0,0.0,0.0,0.0,0.0,0.0,0.0,0.0,34.0,0.0,0.0,200148.0,200148.0,8489.0,200148.0,0.0,0.0,0.0,0.0,0.0,0.0,0.0,0.0
2020-04-24,20200424.0,102196.0,103766.0,45.0,0.0,0.0,0.0,0.0,0.0,0.0,682.0,5617.0,0.0,0.0,0.0,0.0,0.0,0.0,0.0,34.0,0.0,0.0,205962.0,205962.0,5814.0,205962.0,0.0,0.0,0.0,0.0,0.0,0.0,0.0,0.0
2020-04-25,20200425.0,105523.0,108163.0,45.0,0.0,0.0,0.0,0.0,0.0,0.0,682.0,5863.0,0.0,0.0,0.0,0.0,0.0,0.0,0.0,34.0,0.0,0.0,213686.0,213686.0,7724.0,213686.0,0.0,0.0,0.0,0.0,0.0,0.0,0.0,0.0
2020-04-26,20200426.0,109038.0,114106.0,45.0,0.0,0.0,0.0,0.0,0.0,0.0,682.0,5938.0,0.0,0.0,0.0,0.0,0.0,0.0,0.0,34.0,0.0,0.0,223144.0,223144.0,9458.0,223144.0,0.0,0.0,0.0,0.0,0.0,0.0,0.0,0.0
2020-04-27,20200427.0,111188.0,116587.0,45.0,0.0,0.0,0.0,0.0,0.0,0.0,682.0,6044.0,0.0,0.0,0.0,0.0,0.0,0.0,0.0,34.0,0.0,0.0,227775.0,227775.0,4631.0,227775.0,0.0,0.0,0.0,0.0,0.0,0.0,0.0,0.0
2020-04-28,20200428.0,113856.0,120503.0,45.0,0.0,0.0,0.0,0.0,0.0,0.0,15642.0,6442.0,0.0,0.0,0.0,0.0,0.0,0.0,0.0,34.0,0.0,0.0,234359.0,234359.0,6584.0,234359.0,0.0,0.0,0.0,0.0,0.0,0.0,0.0,0.0
2020-04-29,20200429.0,116264.0,125054.0,617.0,0.0,0.0,0.0,0.0,0.0,0.0,15642.0,6770.0,0.0,0.0,0.0,0.0,116264.0,0.0,0.0,34.0,0.0,0.0,241935.0,241318.0,6959.0,241318.0,0.0,0.0,0.0,0.0,0.0,0.0,0.0,0.0
2020-04-30,20200430.0,118652.0,129266.0,478.0,0.0,0.0,0.0,0.0,0.0,0.0,15642.0,7228.0,0.0,0.0,0.0,0.0,118652.0,0.0,0.0,34.0,0.0,0.0,248396.0,247918.0,6600.0,247918.0,0.0,0.0,0.0,0.0,0.0,0.0,0.0,0.0
2020-05-01,20200501.0,121190.0,135355.0,583.0,0.0,0.0,0.0,0.0,0.0,0.0,15642.0,7538.0,0.0,0.0,0.0,0.0,121190.0,0.0,0.0,34.0,0.0,0.0,257128.0,256545.0,8627.0,256545.0,0.0,0.0,0.0,0.0,0.0,0.0,0.0,0.0
2020-05-02,20200502.0,123717.0,138595.0,676.0,0.0,0.0,0.0,0.0,0.0,0.0,15642.0,7742.0,0.0,0.0,0.0,0.0,123717.0,0.0,0.0,34.0,0.0,0.0,262988.0,262312.0,5767.0,262312.0,0.0,0.0,0.0,0.0,0.0,0.0,0.0,0.0
2020-05-03,20200503.0,126744.0,148322.0,641.0,0.0,0.0,0.0,0.0,0.0,0.0,15642.0,7871.0,0.0,0.0,0.0,0.0,126744.0,7871.0,0.0,34.0,0.0,0.0,275707.0,275066.0,12754.0,275066.0,0.0,0.0,0.0,0.0,0.0,0.0,0.0,0.0
2020-05-04,20200504.0,128269.0,148951.0,647.0,0.0,0.0,0.0,0.0,0.0,0.0,15642.0,7910.0,0.0,0.0,0.0,0.0,128269.0,7910.0,0.0,34.0,0.0,0.0,277867.0,277220.0,2154.0,277220.0,0.0,0.0,0.0,0.0,0.0,0.0,0.0,0.0
2020-05-05,20200505.0,130593.0,157030.0,550.0,0.0,0.0,0.0,0.0,0.0,0.0,15642.0,8244.0,0.0,0.0,0.0,0.0,130593.0,8244.0,0.0,34.0,0.0,0.0,288173.0,287623.0,10403.0,287623.0,0.0,0.0,0.0,0.0,0.0,0.0,0.0,0.0
2020-05-06,20200506.0,131890.0,157030.0,594.0,0.0,0.0,0.0,0.0,0.0,0.0,15642.0,8549.0,0.0,0.0,0.0,0.0,131890.0,8549.0,0.0,34.0,0.0,0.0,289514.0,288920.0,1297.0,288920.0,0.0,0.0,0.0,0.0,0.0,0.0,0.0,0.0
2020-05-07,20200507.0,133635.0,159023.0,552.0,0.0,0.0,0.0,0.0,0.0,0.0,15642.0,8801.0,0.0,0.0,0.0,0.0,133635.0,8801.0,0.0,34.0,0.0,0.0,293210.0,292658.0,3738.0,292658.0,0.0,0.0,0.0,0.0,0.0,0.0,0.0,0.0
2020-05-08,20200508.0,135454.0,163305.0,553.0,0.0,0.0,0.0,0.0,0.0,0.0,15642.0,8952.0,0.0,0.0,0.0,0.0,135454.0,8952.0,0.0,34.0,0.0,0.0,299312.0,298759.0,6101.0,298759.0,0.0,0.0,0.0,0.0,0.0,0.0,0.0,0.0
2020-05-09,20200509.0,137085.0,168121.0,557.0,0.0,0.0,0.0,0.0,0.0,0.0,15642.0,9116.0,0.0,0.0,0.0,0.0,137085.0,9116.0,0.0,34.0,0.0,0.0,305763.0,305206.0,6447.0,305206.0,0.0,0.0,0.0,0.0,0.0,0.0,0.0,0.0
2020-05-10,20200510.0,138532.0,173915.0,591.0,0.0,0.0,0.0,0.0,0.0,0.0,15642.0,9255.0,0.0,0.0,0.0,0.0,138532.0,9255.0,0.0,34.0,0.0,0.0,313038.0,312447.0,7241.0,312447.0,0.0,0.0,0.0,0.0,0.0,0.0,0.0,0.0
2020-05-11,20200511.0,139945.0,285988.0,591.0,0.0,0.0,0.0,0.0,0.0,0.0,15642.0,9310.0,0.0,0.0,0.0,0.0,139945.0,9310.0,0.0,34.0,0.0,0.0,425933.0,425933.0,113486.0,425933.0,0.0,0.0,0.0,0.0,0.0,0.0,0.0,0.0
2020-05-12,20200512.0,140743.0,292317.0,591.0,0.0,0.0,0.0,0.0,0.0,0.0,15642.0,9508.0,0.0,0.0,0.0,0.0,140743.0,9508.0,0.0,34.0,0.0,0.0,433060.0,433060.0,7127.0,433060.0,0.0,0.0,0.0,0.0,0.0,0.0,0.0,0.0
2020-05-13,20200513.0,141560.0,299890.0,591.0,0.0,0.0,0.0,0.0,0.0,0.0,15642.0,9702.0,0.0,0.0,0.0,0.0,141560.0,9702.0,0.0,34.0,0.0,0.0,441450.0,441450.0,8390.0,441450.0,0.0,0.0,0.0,0.0,0.0,0.0,0.0,0.0
2020-05-14,20200514.0,142704.0,308992.0,591.0,0.0,0.0,0.0,0.0,0.0,0.0,15642.0,9946.0,0.0,0.0,0.0,0.0,142704.0,9946.0,0.0,34.0,0.0,0.0,451696.0,451696.0,10246.0,451696.0,0.0,0.0,0.0,0.0,0.0,0.0,0.0,0.0
2020-05-15,20200515.0,143905.0,319067.0,591.0,0.0,0.0,0.0,0.0,0.0,0.0,15642.0,10138.0,0.0,0.0,0.0,0.0,143905.0,10138.0,0.0,34.0,0.0,0.0,462972.0,462972.0,11276.0,462972.0,0.0,0.0,0.0,0.0,0.0,0.0,0.0,0.0
2020-05-16,20200516.0,145089.0,330135.0,591.0,0.0,0.0,0.0,0.0,0.0,0.0,22939.0,10249.0,0.0,0.0,0.0,0.0,145089.0,10249.0,0.0,34.0,0.0,0.0,475224.0,475224.0,12252.0,475224.0,0.0,0.0,0.0,0.0,0.0,0.0,0.0,0.0
2020-05-17,20200517.0,146334.0,341231.0,591.0,0.0,0.0,0.0,0.0,0.0,0.0,23299.0,10356.0,0.0,0.0,0.0,0.0,146334.0,10356.0,0.0,34.0,0.0,0.0,487565.0,487565.0,12341.0,487565.0,0.0,0.0,0.0,0.0,0.0,0.0,0.0,0.0
2020-05-18,20200518.0,148039.0,357530.0,591.0,0.0,0.0,0.0,0.0,0.0,0.0,23496.0,10435.0,0.0,0.0,0.0,0.0,148039.0,10435.0,0.0,34.0,0.0,0.0,505569.0,505569.0,18004.0,505569.0,0.0,0.0,0.0,0.0,0.0,0.0,0.0,0.0
2020-05-19,20200519.0,149013.0,371169.0,591.0,0.0,0.0,0.0,0.0,0.0,0.0,23657.0,10586.0,0.0,0.0,0.0,0.0,149013.0,10586.0,0.0,34.0,0.0,0.0,520182.0,520182.0,14613.0,520182.0,0.0,0.0,0.0,0.0,0.0,0.0,0.0,0.0
2020-05-20,20200520.0,150399.0,380944.0,591.0,0.0,0.0,0.0,0.0,0.0,0.0,23945.0,10747.0,0.0,0.0,0.0,0.0,150399.0,10747.0,0.0,34.0,0.0,0.0,531343.0,531343.0,11161.0,531343.0,0.0,0.0,0.0,0.0,0.0,0.0,0.0,0.0
2020-05-21,20200521.0,151472.0,392802.0,591.0,0.0,0.0,0.0,0.0,0.0,0.0,24236.0,10843.0,0.0,0.0,0.0,0.0,151472.0,10843.0,0.0,34.0,0.0,0.0,544274.0,544274.0,12931.0,544274.0,0.0,0.0,0.0,0.0,0.0,0.0,0.0,0.0
2020-05-22,20200522.0,152719.0,402595.0,591.0,0.0,0.0,0.0,0.0,0.0,0.0,24491.0,10985.0,0.0,0.0,0.0,0.0,152719.0,10985.0,0.0,34.0,0.0,0.0,555314.0,555314.0,11040.0,555314.0,0.0,0.0,0.0,0.0,0.0,0.0,0.0,0.0
2020-05-23,20200523.0,153104.0,425631.0,591.0,0.0,0.0,0.0,0.0,0.0,0.0,24762.0,11081.0,0.0,0.0,0.0,0.0,153104.0,11081.0,0.0,34.0,0.0,0.0,578735.0,578735.0,23421.0,578735.0,0.0,0.0,0.0,0.0,0.0,0.0,0.0,0.0
2020-05-24,20200524.0,154154.0,449653.0,591.0,0.0,0.0,0.0,0.0,0.0,0.0,25040.0,11133.0,0.0,0.0,0.0,0.0,154154.0,11133.0,0.0,34.0,0.0,0.0,603807.0,603807.0,25072.0,603807.0,0.0,0.0,0.0,0.0,0.0,0.0,0.0,0.0
2020-05-25,20200525.0,155092.0,468705.0,591.0,0.0,0.0,0.0,0.0,0.0,0.0,25253.0,11144.0,0.0,0.0,0.0,0.0,155092.0,11144.0,0.0,34.0,0.0,0.0,623797.0,623797.0,19990.0,623797.0,0.0,0.0,0.0,0.0,0.0,0.0,0.0,0.0
2020-05-26,20200526.0,155764.0,480128.0,591.0,0.0,16373.0,0.0,0.0,0.0,0.0,25384.0,11191.0,16373.0,0.0,0.0,0.0,155764.0,11191.0,0.0,34.0,0.0,0.0,635892.0,635892.0,12095.0,635892.0,0.0,0.0,0.0,0.0,0.0,0.0,0.0,0.0
2020-05-27,20200527.0,156628.0,503697.0,591.0,0.0,16597.0,0.0,0.0,0.0,0.0,25552.0,11339.0,16597.0,0.0,0.0,0.0,156628.0,11339.0,0.0,34.0,0.0,0.0,660325.0,660325.0,24433.0,660325.0,0.0,0.0,0.0,0.0,0.0,0.0,0.0,0.0
2020-05-28,20200528.0,157815.0,528042.0,591.0,0.0,16778.0,0.0,0.0,0.0,0.0,25804.0,11401.0,16778.0,0.0,0.0,0.0,157815.0,11401.0,0.0,34.0,0.0,0.0,685857.0,685857.0,25532.0,685857.0,0.0,0.0,0.0,0.0,0.0,0.0,0.0,0.0
2020-05-29,20200529.0,158844.0,557567.0,591.0,0.0,16960.0,0.0,0.0,0.0,0.0,26084.0,11531.0,16960.0,0.0,0.0,0.0,158844.0,11531.0,0.0,34.0,0.0,0.0,716411.0,716411.0,30554.0,716411.0,0.0,0.0,0.0,0.0,0.0,0.0,0.0,0.0
2020-05-30,20200530.0,159608.0,585700.0,591.0,0.0,17121.0,0.0,0.0,0.0,0.0,26301.0,11634.0,17121.0,0.0,0.0,0.0,159608.0,11634.0,0.0,34.0,0.0,0.0,745308.0,745308.0,28897.0,745308.0,0.0,0.0,0.0,0.0,0.0,0.0,0.0,0.0
2020-05-31,20200531.0,160445.0,585700.0,591.0,0.0,17197.0,0.0,0.0,0.0,0.0,26560.0,11698.0,17197.0,0.0,0.0,0.0,160445.0,11698.0,0.0,34.0,0.0,0.0,746145.0,746145.0,837.0,746145.0,0.0,0.0,0.0,0.0,0.0,0.0,0.0,0.0
2020-06-01,20200601.0,160918.0,634682.0,591.0,0.0,17222.0,0.0,0.0,0.0,0.0,26703.0,11721.0,17222.0,0.0,0.0,0.0,160918.0,11721.0,0.0,34.0,0.0,0.0,795600.0,795600.0,49455.0,795600.0,0.0,0.0,0.0,0.0,0.0,0.0,0.0,0.0
2020-06-02,20200602.0,161545.0,656132.0,591.0,0.0,17390.0,0.0,0.0,0.0,0.0,26815.0,11770.0,17390.0,0.0,0.0,0.0,161545.0,11770.0,0.0,34.0,0.0,0.0,817677.0,817677.0,22077.0,817677.0,0.0,0.0,0.0,0.0,0.0,0.0,0.0,0.0
2020-06-03,20200603.0,162068.0,675352.0,591.0,0.0,17390.0,0.0,0.0,0.0,0.0,27008.0,11880.0,17390.0,0.0,0.0,0.0,162068.0,11880.0,0.0,34.0,0.0,0.0,837420.0,837420.0,19743.0,837420.0,0.0,0.0,0.0,0.0,0.0,0.0,0.0,0.0
2020-06-04,20200604.0,162530.0,695199.0,591.0,0.0,17604.0,0.0,0.0,0.0,0.0,27231.0,11970.0,17604.0,0.0,0.0,0.0,162530.0,11970.0,0.0,34.0,0.0,0.0,857729.0,857729.0,20309.0,857729.0,0.0,0.0,0.0,0.0,0.0,0.0,0.0,0.0
2020-06-05,20200605.0,163336.0,755555.0,591.0,0.0,17880.0,0.0,0.0,0.0,0.0,27433.0,12049.0,17880.0,0.0,0.0,0.0,163336.0,12049.0,0.0,34.0,0.0,0.0,918891.0,918891.0,61162.0,918891.0,0.0,0.0,0.0,0.0,0.0,0.0,0.0,0.0
2020-06-06,20200606.0,163893.0,779123.0,591.0,0.0,18023.0,0.0,0.0,0.0,0.0,27641.0,12106.0,18023.0,0.0,0.0,0.0,163893.0,12106.0,0.0,34.0,0.0,0.0,943016.0,943016.0,24125.0,943016.0,0.0,0.0,0.0,0.0,0.0,0.0,0.0,0.0
2020-06-07,20200607.0,164164.0,796261.0,591.0,0.0,18050.0,0.0,0.0,0.0,0.0,27824.0,12176.0,18050.0,0.0,0.0,0.0,164164.0,12176.0,0.0,34.0,0.0,0.0,960425.0,960425.0,17409.0,960425.0,0.0,0.0,0.0,0.0,0.0,0.0,0.0,0.0
2020-06-08,20200608.0,164497.0,810592.0,591.0,0.0,18050.0,0.0,0.0,0.0,0.0,27941.0,12214.0,18050.0,0.0,0.0,0.0,164497.0,12214.0,0.0,34.0,0.0,0.0,975089.0,975089.0,14664.0,975089.0,0.0,0.0,0.0,0.0,0.0,0.0,0.0,0.0
2020-06-09,20200609.0,164796.0,824701.0,591.0,0.0,18069.0,0.0,0.0,0.0,0.0,28036.0,12303.0,18069.0,0.0,0.0,0.0,164796.0,12303.0,0.0,34.0,0.0,0.0,989497.0,989497.0,14408.0,989497.0,0.0,0.0,0.0,0.0,0.0,0.0,0.0,0.0
2020-06-10,20200610.0,165346.0,843588.0,591.0,0.0,18223.0,0.0,0.0,0.0,0.0,28207.0,12377.0,18223.0,0.0,0.0,0.0,165346.0,12377.0,0.0,34.0,0.0,0.0,1008934.0,1008934.0,19437.0,1008934.0,0.0,0.0,0.0,0.0,0.0,0.0,0.0,0.0
2020-06-11,20200611.0,165816.0,864977.0,591.0,0.0,18492.0,0.0,0.0,0.0,0.0,28376.0,12443.0,18492.0,0.0,0.0,0.0,165816.0,12443.0,0.0,34.0,0.0,0.0,1030793.0,1030793.0,21859.0,1030793.0,0.0,0.0,0.0,0.0,0.0,0.0,0.0,0.0
2020-06-12,20200612.0,166164.0,889232.0,591.0,0.0,18607.0,0.0,0.0,0.0,0.0,28509.0,12489.0,18607.0,0.0,0.0,0.0,166164.0,12489.0,0.0,34.0,0.0,0.0,1055396.0,1055396.0,24603.0,1055396.0,0.0,0.0,0.0,0.0,0.0,0.0,0.0,0.0
2020-06-13,20200613.0,166605.0,911610.0,591.0,0.0,18707.0,0.0,0.0,0.0,0.0,28606.0,12589.0,18707.0,0.0,0.0,0.0,166605.0,12589.0,0.0,34.0,0.0,0.0,1078215.0,1078215.0,22819.0,1078215.0,0.0,0.0,0.0,0.0,0.0,0.0,0.0,0.0
2020-06-14,20200614.0,166881.0,930735.0,591.0,0.0,18737.0,0.0,0.0,0.0,0.0,28714.0,12625.0,18737.0,0.0,0.0,0.0,166881.0,12625.0,0.0,34.0,0.0,0.0,1097616.0,1097616.0,19401.0,1097616.0,0.0,0.0,0.0,0.0,0.0,0.0,0.0,0.0
2020-06-15,20200615.0,167103.0,948980.0,591.0,0.0,18755.0,0.0,0.0,0.0,0.0,28819.0,12676.0,18755.0,0.0,0.0,0.0,167103.0,12676.0,0.0,34.0,0.0,0.0,1116083.0,1116083.0,18467.0,1116083.0,0.0,0.0,0.0,0.0,0.0,0.0,0.0,0.0
2020-06-16,20200616.0,167426.0,964356.0,591.0,0.0,18879.0,0.0,0.0,0.0,0.0,28872.0,12727.0,18879.0,0.0,0.0,0.0,167426.0,12727.0,0.0,34.0,0.0,0.0,1131782.0,1131782.0,15699.0,1131782.0,0.0,0.0,0.0,0.0,0.0,0.0,0.0,0.0
2020-06-17,20200617.0,167703.0,980138.0,591.0,0.0,19010.0,0.0,0.0,0.0,0.0,28966.0,12769.0,19010.0,0.0,0.0,0.0,167703.0,12769.0,0.0,34.0,0.0,0.0,1147841.0,1147841.0,16059.0,1147841.0,0.0,0.0,0.0,0.0,0.0,0.0,0.0,0.0
2020-06-18,20200618.0,168107.0,1003627.0,591.0,0.0,19010.0,0.0,0.0,0.0,0.0,29101.0,12800.0,19010.0,0.0,0.0,0.0,168107.0,12800.0,0.0,34.0,0.0,0.0,1171734.0,1171734.0,23893.0,1171734.0,0.0,0.0,0.0,0.0,0.0,0.0,0.0,0.0
2020-06-19,20200619.0,168496.0,1025847.0,591.0,0.0,19267.0,0.0,0.0,0.0,0.0,29209.0,12835.0,19267.0,0.0,0.0,0.0,168496.0,12835.0,0.0,34.0,0.0,0.0,1194343.0,1194343.0,22609.0,1194343.0,0.0,0.0,0.0,0.0,0.0,0.0,0.0,0.0
2020-06-20,20200620.0,168834.0,1050039.0,591.0,0.0,19267.0,0.0,0.0,0.0,0.0,29318.0,12857.0,19267.0,0.0,0.0,0.0,168834.0,12857.0,0.0,34.0,0.0,0.0,1218873.0,1218873.0,24530.0,1218873.0,0.0,0.0,0.0,0.0,0.0,0.0,0.0,0.0
2020-06-21,20200621.0,169142.0,1075825.0,591.0,0.0,19267.0,0.0,0.0,0.0,0.0,29450.0,12870.0,19267.0,0.0,0.0,0.0,169142.0,12870.0,0.0,34.0,0.0,0.0,1244967.0,1244967.0,26094.0,1244967.0,0.0,0.0,0.0,0.0,0.0,0.0,0.0,0.0
2020-06-22,20200622.0,169415.0,1097984.0,591.0,0.0,19401.0,0.0,0.0,0.0,0.0,29522.0,12895.0,19401.0,0.0,0.0,0.0,169415.0,12895.0,0.0,34.0,0.0,0.0,1267399.0,1267399.0,22432.0,1267399.0,0.0,0.0,0.0,0.0,0.0,0.0,0.0,0.0
2020-06-23,20200623.0,169734.0,1113717.0,591.0,0.0,19512.0,0.0,0.0,0.0,0.0,29517.0,12949.0,19512.0,0.0,0.0,0.0,169734.0,12949.0,0.0,34.0,0.0,0.0,1283451.0,1283451.0,16052.0,1283451.0,0.0,0.0,0.0,0.0,0.0,0.0,0.0,0.0
2020-06-24,20200624.0,169892.0,1129753.0,591.0,0.0,19598.0,0.0,0.0,0.0,0.0,29627.0,12995.0,19598.0,0.0,0.0,0.0,169892.0,12995.0,0.0,34.0,0.0,0.0,1299645.0,1299645.0,16194.0,1299645.0,0.0,0.0,0.0,0.0,0.0,0.0,0.0,0.0
2020-06-25,20200625.0,170196.0,1150714.0,591.0,0.0,19668.0,0.0,0.0,0.0,0.0,29740.0,14872.0,19668.0,0.0,0.0,0.0,170196.0,13018.0,0.0,34.0,0.0,0.0,1320910.0,1320910.0,21265.0,1320910.0,0.0,0.0,0.0,0.0,0.0,0.0,0.0,0.0
2020-06-26,20200626.0,170584.0,1176088.0,591.0,0.0,19752.0,0.0,0.0,0.0,0.0,29855.0,14914.0,19752.0,0.0,0.0,0.0,170584.0,13060.0,0.0,34.0,0.0,0.0,1346672.0,1346672.0,25762.0,1346672.0,0.0,0.0,0.0,0.0,0.0,0.0,0.0,0.0
2020-06-27,20200627.0,170873.0,1196377.0,591.0,0.0,19823.0,0.0,0.0,0.0,0.0,29967.0,14948.0,19823.0,0.0,0.0,0.0,170873.0,13094.0,0.0,34.0,0.0,0.0,1367250.0,1367250.0,20578.0,1367250.0,0.0,0.0,0.0,0.0,0.0,0.0,0.0,0.0
2020-06-28,20200628.0,171182.0,1216651.0,591.0,0.0,19841.0,0.0,0.0,0.0,0.0,30092.0,14975.0,19841.0,0.0,0.0,0.0,171182.0,13121.0,0.0,34.0,0.0,0.0,1387833.0,1387833.0,20583.0,1387833.0,0.0,0.0,0.0,0.0,0.0,0.0,0.0,0.0
2020-06-29,20200629.0,171272.0,1232712.0,591.0,0.0,19847.0,0.0,0.0,0.0,0.0,30163.0,14992.0,19847.0,0.0,0.0,0.0,171272.0,13138.0,0.0,34.0,0.0,0.0,1403984.0,1403984.0,16151.0,1403984.0,0.0,0.0,0.0,0.0,0.0,0.0,0.0,0.0
2020-06-30,20200630.0,171667.0,1250707.0,591.0,0.0,19847.0,0.0,0.0,0.0,0.0,30213.0,15035.0,19847.0,0.0,0.0,0.0,171667.0,13181.0,0.0,34.0,0.0,0.0,1422374.0,1422374.0,18390.0,1422374.0,0.0,0.0,0.0,0.0,0.0,0.0,0.0,0.0
2020-07-01,20200701.0,171928.0,1271009.0,591.0,0.0,20054.0,0.0,0.0,0.0,0.0,30300.0,15078.0,20054.0,0.0,0.0,0.0,171928.0,13224.0,0.0,34.0,0.0,0.0,1442937.0,1442937.0,20563.0,1442937.0,0.0,0.0,0.0,0.0,0.0,0.0,0.0,0.0
2020-07-02,20200702.0,172356.0,1291557.0,591.0,0.0,20141.0,0.0,0.0,0.0,0.0,30383.0,15107.0,20141.0,0.0,0.0,0.0,172356.0,13251.0,0.0,34.0,0.0,0.0,1463913.0,1463913.0,20976.0,1463913.0,0.0,0.0,0.0,0.0,0.0,0.0,0.0,0.0
2020-07-03,20200703.0,172742.0,1312759.0,591.0,0.0,20214.0,0.0,0.0,0.0,0.0,30464.0,15164.0,20214.0,0.0,0.0,0.0,172742.0,13308.0,0.0,34.0,0.0,0.0,1485501.0,1485501.0,21588.0,1485501.0,0.0,0.0,0.0,0.0,0.0,0.0,0.0,0.0
2020-07-04,20200704.0,173033.0,1335515.0,591.0,0.0,20233.0,0.0,0.0,0.0,0.0,30565.0,15189.0,20233.0,0.0,0.0,0.0,173033.0,13333.0,0.0,34.0,0.0,0.0,1508548.0,1508548.0,23047.0,1508548.0,0.0,0.0,0.0,0.0,0.0,0.0,0.0,0.0
2020-07-05,20200705.0,173402.0,1361238.0,591.0,0.0,20237.0,0.0,0.0,0.0,0.0,30660.0,15211.0,20237.0,0.0,0.0,0.0,173402.0,13355.0,0.0,34.0,0.0,0.0,1534640.0,1534640.0,26092.0,1534640.0,0.0,0.0,0.0,0.0,0.0,0.0,0.0,0.0
2020-07-06,20200706.0,173611.0,1375598.0,591.0,0.0,20237.0,0.0,0.0,0.0,0.0,30729.0,15229.0,20237.0,0.0,0.0,0.0,173611.0,13373.0,0.0,34.0,0.0,0.0,1549209.0,1549209.0,14569.0,1549209.0,0.0,0.0,0.0,0.0,0.0,0.0,0.0,0.0
2020-07-07,20200707.0,173878.0,1386255.0,591.0,0.0,20246.0,0.0,0.0,0.0,0.0,30774.0,15281.0,20246.0,0.0,0.0,0.0,173878.0,13425.0,0.0,34.0,0.0,0.0,1560133.0,1560133.0,10924.0,1560133.0,0.0,0.0,0.0,0.0,0.0,0.0,0.0,0.0
2020-07-08,20200708.0,174039.0,1403809.0,591.0,0.0,20426.0,0.0,0.0,0.0,0.0,30844.0,15423.0,20426.0,0.0,0.0,0.0,174039.0,13476.0,0.0,34.0,0.0,0.0,1577848.0,1577848.0,17715.0,1577848.0,0.0,0.0,0.0,0.0,0.0,0.0,0.0,0.0
2020-07-09,20200709.0,174240.0,1425177.0,591.0,0.0,20505.0,0.0,0.0,0.0,0.0,30938.0,15448.0,20505.0,0.0,0.0,0.0,174240.0,13501.0,0.0,34.0,0.0,0.0,1599417.0,1599417.0,21569.0,1599417.0,0.0,0.0,0.0,0.0,0.0,0.0,0.0,0.0
2020-07-10,20200710.0,174628.0,1448530.0,591.0,0.0,20567.0,0.0,0.0,0.0,0.0,31014.0,15479.0,20567.0,0.0,0.0,0.0,174628.0,13532.0,0.0,34.0,0.0,0.0,1623158.0,1623158.0,23741.0,1623158.0,0.0,0.0,0.0,0.0,0.0,0.0,0.0,0.0
2020-07-11,20200711.0,174959.0,1486325.0,591.0,0.0,20632.0,0.0,0.0,0.0,0.0,31092.0,15525.0,20632.0,0.0,0.0,0.0,174959.0,13578.0,0.0,34.0,0.0,0.0,1661284.0,1661284.0,38126.0,1661284.0,0.0,0.0,0.0,0.0,0.0,0.0,0.0,0.0
2020-07-12,20200712.0,175298.0,1510306.0,591.0,0.0,20632.0,0.0,0.0,0.0,0.0,31190.0,15541.0,20632.0,0.0,0.0,0.0,175298.0,13594.0,0.0,34.0,0.0,0.0,1685604.0,1685604.0,24320.0,1685604.0,0.0,0.0,0.0,0.0,0.0,0.0,0.0,0.0
2020-07-13,20200713.0,175522.0,1524863.0,591.0,0.0,20632.0,0.0,0.0,0.0,0.0,31261.0,15560.0,20632.0,0.0,0.0,0.0,175522.0,13613.0,0.0,34.0,0.0,0.0,1700385.0,1700385.0,14781.0,1700385.0,0.0,0.0,0.0,0.0,0.0,0.0,0.0,0.0
2020-07-14,20200714.0,175915.0,1545316.0,591.0,0.0,20632.0,0.0,0.0,0.0,0.0,31318.0,15582.0,20632.0,0.0,0.0,0.0,175915.0,13635.0,0.0,34.0,0.0,0.0,1721231.0,1721231.0,20846.0,1721231.0,0.0,0.0,0.0,0.0,0.0,0.0,0.0,0.0
2020-07-15,20200715.0,176278.0,1566069.0,591.0,0.0,20774.0,0.0,0.0,0.0,0.0,31400.0,15607.0,20774.0,0.0,0.0,0.0,176278.0,13660.0,0.0,34.0,0.0,0.0,1742347.0,1742347.0,21116.0,1742347.0,0.0,0.0,0.0,0.0,0.0,0.0,0.0,0.0
2020-07-16,20200716.0,176501.0,1583403.0,591.0,0.0,20774.0,0.0,0.0,0.0,0.0,31400.0,15665.0,20774.0,0.0,0.0,0.0,176501.0,13691.0,0.0,34.0,0.0,0.0,1759904.0,1759904.0,17557.0,1759904.0,0.0,0.0,0.0,0.0,0.0,0.0,0.0,0.0
2020-07-17,20200717.0,176551.0,1592377.0,591.0,0.0,21003.0,0.0,0.0,0.0,0.0,31400.0,15684.0,21003.0,0.0,0.0,0.0,176551.0,13710.0,0.0,34.0,0.0,0.0,1768928.0,1768928.0,9024.0,1768928.0,0.0,0.0,0.0,0.0,0.0,0.0,0.0,0.0
2020-07-18,20200718.0,176814.0,1604636.0,591.0,0.0,21064.0,0.0,0.0,0.0,0.0,31400.0,15699.0,21064.0,0.0,0.0,0.0,176814.0,13725.0,0.0,34.0,0.0,0.0,1781450.0,1781450.0,12522.0,1781450.0,0.0,0.0,0.0,0.0,0.0,0.0,0.0,0.0
2020-07-19,20200719.0,176783.0,1614354.0,591.0,0.0,21064.0,0.0,0.0,0.0,0.0,31405.0,15706.0,21064.0,0.0,0.0,0.0,176783.0,13732.0,0.0,34.0,-31.0,0.0,1791137.0,1791137.0,9687.0,1791137.0,0.0,0.0,0.0,0.0,0.0,0.0,0.0,0.0
2020-07-20,20200720.0,176963.0,1625911.0,591.0,0.0,21058.0,0.0,0.0,0.0,0.0,31448.0,15715.0,21058.0,0.0,0.0,0.0,176963.0,13741.0,0.0,34.0,180.0,0.0,1802874.0,1802874.0,11737.0,1802874.0,0.0,-6.0,0.0,0.0,0.0,0.0,0.0,0.0
2020-07-21,20200721.0,177256.0,1640699.0,591.0,0.0,21099.0,0.0,0.0,0.0,0.0,31781.0,15737.0,21099.0,0.0,0.0,0.0,177256.0,13763.0,0.0,34.0,293.0,0.0,1817955.0,1817955.0,15081.0,1817955.0,0.0,41.0,0.0,0.0,0.0,0.0,0.0,0.0
2020-07-22,20200722.0,177645.0,1663284.0,591.0,0.0,21184.0,0.0,0.0,0.0,0.0,31850.0,15707.0,21184.0,0.0,0.0,0.0,177645.0,13787.0,0.0,34.0,389.0,0.0,1840929.0,1840929.0,22974.0,1840929.0,-30.0,85.0,0.0,0.0,0.0,0.0,0.0,0.0
2020-07-23,20200723.0,177887.0,1681751.0,591.0,0.0,21184.0,0.0,0.0,0.0,0.0,31925.0,15730.0,21184.0,0.0,0.0,0.0,177887.0,13810.0,0.0,34.0,242.0,0.0,1859638.0,1859638.0,18709.0,1859638.0,23.0,0.0,0.0,0.0,0.0,0.0,0.0,0.0
2020-07-24,20200724.0,178345.0,1709299.0,591.0,0.0,21184.0,0.0,0.0,0.0,0.0,32001.0,15765.0,21184.0,0.0,0.0,0.0,178345.0,13845.0,0.0,34.0,458.0,0.0,1887644.0,1887644.0,28006.0,1887644.0,35.0,0.0,0.0,0.0,0.0,0.0,0.0,0.0
2020-07-25,20200725.0,178858.0,1709299.0,591.0,0.0,21314.0,0.0,0.0,0.0,0.0,32061.0,15776.0,21314.0,0.0,0.0,0.0,178858.0,13856.0,0.0,34.0,513.0,0.0,1888157.0,1888157.0,513.0,1888157.0,11.0,130.0,0.0,0.0,0.0,0.0,0.0,0.0
2020-07-26,20200726.0,179363.0,1773926.0,591.0,0.0,21314.0,0.0,0.0,0.0,0.0,32133.0,15787.0,21314.0,0.0,0.0,0.0,179363.0,13867.0,0.0,34.0,505.0,0.0,1953289.0,1953289.0,65132.0,1953289.0,11.0,0.0,0.0,0.0,0.0,0.0,0.0,0.0
2020-07-27,20200727.0,179812.0,1804029.0,591.0,0.0,21321.0,0.0,0.0,0.0,0.0,32275.0,15804.0,21321.0,0.0,0.0,0.0,179812.0,13884.0,0.0,34.0,449.0,0.0,1983841.0,1983841.0,30552.0,1983841.0,17.0,7.0,0.0,0.0,0.0,0.0,0.0,0.0
2020-07-28,20200728.0,180295.0,1804009.0,591.0,0.0,21321.0,112.0,0.0,0.0,0.0,32313.0,15825.0,21321.0,0.0,0.0,0.0,180295.0,13905.0,0.0,34.0,483.0,-20.0,1984304.0,1984304.0,463.0,1984304.0,21.0,0.0,0.0,0.0,0.0,0.0,0.0,0.0
2020-07-29,20200729.0,180766.0,1861916.0,591.0,0.0,21321.0,116.0,0.0,0.0,0.0,32365.0,15798.0,21321.0,0.0,0.0,0.0,180766.0,13923.0,0.0,34.0,471.0,57907.0,2042682.0,2042682.0,58378.0,2042682.0,-27.0,0.0,0.0,0.0,0.0,0.0,0.0,0.0
2020-07-30,20200730.0,180970.0,1878594.0,591.0,0.0,21565.0,123.0,0.0,0.0,0.0,32423.0,15809.0,21565.0,0.0,0.0,0.0,180970.0,13934.0,0.0,34.0,204.0,16678.0,2059564.0,2059564.0,16882.0,2059564.0,11.0,244.0,0.0,0.0,0.0,0.0,0.0,0.0
2020-07-31,20200731.0,181660.0,1914669.0,591.0,0.0,21565.0,113.0,0.0,45.0,0.0,32475.0,15819.0,21565.0,0.0,0.0,0.0,181660.0,13944.0,0.0,34.0,690.0,36075.0,2096329.0,2096329.0,36765.0,2096329.0,10.0,0.0,0.0,0.0,0.0,0.0,0.0,0.0
2020-08-01,20200801.0,182029.0,1914669.0,591.0,0.0,21565.0,113.0,0.0,45.0,0.0,32475.0,15830.0,21565.0,0.0,0.0,0.0,182029.0,13955.0,0.0,34.0,369.0,0.0,2096698.0,2096698.0,369.0,2096698.0,11.0,0.0,0.0,0.0,0.0,0.0,0.0,0.0
2020-08-02,20200802.0,182350.0,1963528.0,591.0,0.0,21565.0,113.0,0.0,45.0,0.0,32475.0,15836.0,21565.0,0.0,0.0,0.0,182350.0,13961.0,0.0,34.0,321.0,48859.0,2145878.0,2145878.0,49180.0,2145878.0,6.0,0.0,0.0,0.0,0.0,0.0,0.0,0.0
2020-08-03,20200803.0,182614.0,1981966.0,591.0,0.0,21565.0,144.0,0.0,49.0,0.0,32660.0,15846.0,21565.0,0.0,0.0,0.0,182614.0,13971.0,0.0,34.0,264.0,18438.0,2164580.0,2164580.0,18702.0,2164580.0,10.0,0.0,0.0,0.0,0.0,0.0,0.0,0.0
2020-08-04,20200804.0,182970.0,1981966.0,591.0,470.0,21565.0,126.0,0.0,53.0,0.0,32697.0,15857.0,21565.0,0.0,0.0,0.0,182970.0,13982.0,0.0,34.0,356.0,0.0,2164936.0,2164936.0,356.0,2164936.0,11.0,0.0,0.0,0.0,0.0,0.0,0.0,0.0
2020-08-05,20200805.0,183327.0,2003691.0,591.0,784.0,21565.0,117.0,0.0,47.0,0.0,32749.0,15842.0,21565.0,0.0,0.0,0.0,183327.0,13989.0,1853.0,34.0,357.0,21725.0,2187018.0,2187018.0,22082.0,2187018.0,-15.0,0.0,0.0,0.0,0.0,0.0,0.0,0.0
2020-08-06,20200805.0,183327.0,2003691.0,591.0,784.0,21565.0,117.0,0.0,47.0,0.0,32749.0,15842.0,21565.0,0.0,0.0,0.0,183327.0,13989.0,1853.0,34.0,357.0,21725.0,2187018.0,2187018.0,22082.0,2187018.0,-15.0,0.0,0.0,0.0,0.0,0.0,0.0,0.0
